id_beneficiario,RD-BT,mac
39110,RD-BT,00:04:56:27:85:7C
39096,RD-BT,00:04:56:27:85:7C
39115,RD-BT,00:04:56:46:3D:18
39111,RD-BT,00:04:56:27:85:7C
70840,RD-BT,00:04:56:46:48:8C
39109,RD-BT,00:04:56:46:3E:E6
39113,RD-BT,00:04:56:46:3D:DC
70853,RD-BT,00:04:56:46:41:76
38791,RD-BT,00:04:56:46:41:9A
38798,RD-BT,00:04:56:46:48:0C
70862,RD-BT,58:C1:7A:71:E9:68
38719,RD-BT,00:04:56:46:4B:AC
38563,RD-BT,00:04:56:46:4D:40
39315,RD-BT,00:04:56:46:4A:0E
39326,RD-BT,00:04:56:46:4D:D2
38566,RD-BT,00:04:56:42:3E:88
38678,RD-BT,00:04:56:46:48:2E
59388,RD-BT,00:04:56:22:F7:A9
70980,RD-BT,00:04:56:42:6E:1E
30927,RD-BT,58:C1:7A:71:EC:8D
30930,RD-BT,00:04:56:42:2F:7C
30287,RD-BT,58:C1:7A:71:93:D4
30070,RD-BT,00:04:56:42:23:84
30150,RD-BT,00:04:56:42:6D:14
30088,RD-BT,00:04:56:42:24:30
48824,RD-BT,00:04:56:42:8A:78
53840,RD-BT,00:04:56:42:3E:D0
39140,RD-BT,00:04:56:27:7F:E5
47131,RD-BT,00:04:56:42:28:CC
47514,RD-BT,00:04:56:27:88:55
47511,RD-BT,00:04:56:42:05:FE
47123,RD-BT,58:C1:7A:72:6C:19
47053,RD-BT,58:C1:7A:4C:F0:9A
47042,RD-BT,00:04:56:46:4F:48
47050,RD-BT,00:04:56:42:42:3A
47119,RD-BT,00:04:56:46:46:2E
47081,RD-BT,58:C1:7A:72:CD:7D
47054,RD-BT,58:C1:7A:72:CC:75
47091,RD-BT,58:C1:7A:72:CB:82
47472,RD-BT,58:C1:7A:72:CB:82
47476,RD-BT,58:C1:7A:72:CB:82
47495,RD-BT,58:C1:7A:72:CB:82
47243,RD-BT,00:04:56:27:09:E9
47080,RD-BT,00:04:56:46:50:8A
47236,RD-BT,00:04:56:27:09:E9
47382,RD-BT,00:04:56:42:9D:7C
47618,RD-BT,58:C1:7A:72:EC:D9
47614,RD-BT,58:C1:7A:72:EC:D9
47237,RD-BT,00:04:56:46:A6:10
47065,RD-BT,00:04:56:42:3F:86
47370,RD-BT,00:04:56:46:3E:6C
47457,RD-BT,58:C1:7A:4C:ED:C6
73964,RD-BT,00:04:56:27:84:32
73984,RD-BT,00:04:56:42:2F:64
73966,RD-BT,00:04:56:42:25:4C
73972,RD-BT,00:04:56:46:4D:30
20402,RD-BT,00:04:56:42:73:02
19793,RD-BT,00:04:56:46:4D:A4
21607,RD-BT,00:04:56:46:40:96
21597,RD-BT,00:04:56:42:9D:BA
19541,RD-BT,00:04:56:42:73:7E
19533,RD-BT,00:04:56:42:8B:0C
31778,RD-BT,58:C1:7A:4F:E3:66
31756,RD-BT,58:C1:7A:72:6C:64
31791,RD-BT,58:C1:7A:4F:F2:0E
74117,RD-BT,00:04:56:46:3E:A0
31751,RD-BT,00:04:56:46:3E:D6
68326,RD-BT,00:04:56:42:9D:5E
31809,RD-BT,00:04:56:46:4A:48
31753,RD-BT,58:C1:7A:72:0F:2E
32075,RD-BT,00:04:56:42:72:12
37634,RD-BT,00:04:56:42:2E:AA
73902,RD-BT,58:C1:7A:72:CD:8C
74554,RD-BT,00:04:56:27:87:23
37622,RD-BT,00:04:56:27:87:23
37635,RD-BT,00:04:56:42:8A:CC
37655,RD-BT,00:04:56:42:8A:90
73876,RD-BT,00:04:56:42:2B:98
37621,RD-BT,00:04:56:46:3C:8C
37684,RD-BT,58:C1:7A:71:30:B6
37627,RD-BT,00:04:56:46:4B:44
73927,RD-BT,58:C1:7A:72:EB:AD
49339,RD-BT,00:04:56:23:0B:6E
49293,RD-BT,00:04:56:46:4F:76
49286,RD-BT,58:C1:7A:71:31:06
49318,RD-BT,58:C1:7A:71:31:06
49446,RD-BT,00:04:56:46:4D:E8
49434,RD-BT,00:04:56:46:4D:90
47765,RD-BT,00:04:56:46:4F:D6
68410,RD-BT,00:04:56:46:42:AA
48164,RD-BT,00:04:56:42:26:82
49596,RD-BT,00:04:56:27:87:98
49589,RD-BT,00:04:56:42:24:8C
49603,RD-BT,00:04:56:27:87:98
48380,RD-BT,58:C1:7A:72:DD:BE
48377,RD-BT,00:04:56:27:15:BD
48357,RD-BT,00:04:56:27:15:BD
49461,RD-BT,00:04:56:42:9E:B6
49511,RD-BT,58:C1:7A:71:16:7E
49509,RD-BT,00:04:56:27:82:F7
60597,RD-BT,58:C1:7A:71:A2:23
48009,RD-BT,00:04:56:42:6F:DC
47979,RD-BT,58:C1:7A:50:8A:70
47985,RD-BT,58:C1:7A:4D:3A:F4
48012,RD-BT,00:04:56:46:47:E6
48063,RD-BT,00:04:56:42:3E:4E
49266,RD-BT,58:C1:7A:72:EB:95
49381,RD-BT,00:04:56:27:80:A5
49380,RD-BT,00:04:56:27:80:A5
49390,RD-BT,00:04:56:27:80:A5
49408,RD-BT,58:C1:7A:71:2C:FA
49417,RD-BT,00:04:56:46:48:9C
49420,RD-BT,00:04:56:42:88:BC
49396,RD-BT,00:04:56:42:28:1E
49388,RD-BT,58:C1:7A:71:D1:83
49445,RD-BT,00:04:56:27:09:F9
49452,RD-BT,00:04:56:27:09:F9
49459,RD-BT,00:04:56:27:09:F9
49457,RD-BT,00:04:56:27:09:F9
48585,RD-BT,00:04:56:27:09:F9
49274,RD-BT,00:04:56:46:45:B6
48425,RD-BT,00:04:56:27:86:BD
49140,RD-BT,58:C1:7A:71:7D:37
30383,RD-BT,00:04:56:46:62:87
49149,RD-BT,00:04:56:42:24:2A
49119,RD-BT,00:04:56:27:EB:52
48306,RD-BT,00:04:56:42:86:AC
49102,RD-BT,00:04:56:42:2D:B6
49105,RD-BT,00:04:56:27:81:D7
49402,RD-BT,00:04:56:27:17:5D
49394,RD-BT,00:04:56:27:17:5D
55261,RD-BT,58:C1:7A:72:CC:87
49088,RD-BT,00:04:56:27:E1:53
49036,RD-BT,00:04:56:27:E1:53
49029,RD-BT,00:04:56:46:47:FC
49041,RD-BT,58:C1:7A:71:2B:B6
47908,RD-BT,58:C1:7A:72:D0:A1
48997,RD-BT,58:C1:7A:72:D0:A1
48486,RD-BT,00:04:56:46:4E:B0
48989,RD-BT,00:04:56:42:30:26
48121,RD-BT,58:C1:7A:72:D0:83
48544,RD-BT,58:C1:7A:72:D0:83
48479,RD-BT,00:04:56:46:48:9C
48525,RD-BT,58:C1:7A:72:D0:83
28734,RD-BT,58:C1:7A:72:CD:FE
48991,RD-BT,58:C1:7A:72:CD:8F
48483,RD-BT,58:C1:7A:72:CD:8F
48478,RD-BT,58:C1:7A:72:CD:8F
48476,RD-BT,58:C1:7A:72:D3:62
48459,RD-BT,58:C1:7A:72:D3:62
48472,RD-BT,58:C1:7A:72:D3:62
48458,RD-BT,58:C1:7A:72:D3:62
48528,RD-BT,58:C1:7A:4D:4C:CC
48990,RD-BT,58:C1:7A:71:2F:2E
48718,RD-BT,58:C1:7A:71:D7:7D
48969,RD-BT,00:04:56:27:09:F9
48339,RD-BT,58:C1:7A:72:EB:CE
48315,RD-BT,58:C1:7A:72:EB:CE
48308,RD-BT,58:C1:7A:72:EB:CE
48896,RD-BT,58:C1:7A:72:EB:CE
48903,RD-BT,58:C1:7A:72:EB:CE
48898,RD-BT,58:C1:7A:72:EB:CE
48936,RD-BT,00:04:56:27:15:BD
49435,RD-BT,00:04:56:42:29:A4
49508,RD-BT,00:04:56:46:AF:4E
49455,RD-BT,00:04:56:46:4B:64
49517,RD-BT,58:C1:7A:4F:F2:50
48566,RD-BT,00:04:56:27:17:69
48685,RD-BT,00:04:56:27:28:B5
49531,RD-BT,58:C1:7A:71:15:DA
48624,RD-BT,58:C1:7A:72:D5:75
48127,RD-BT,00:04:56:27:7F:CD
48893,RD-BT,00:04:56:42:29:16
48927,RD-BT,00:04:56:27:DA:FF
48921,RD-BT,00:04:56:46:4C:C0
48944,RD-BT,58:C1:7A:71:2A:9E
49460,RD-BT,58:C1:7A:71:93:08
49097,RD-BT,58:C1:7A:72:D4:F4
70396,RD-BT,58:C1:7A:72:D4:F4
49009,RD-BT,58:C1:7A:72:D4:F4
49084,RD-BT,58:C1:7A:72:D4:F4
49042,RD-BT,58:C1:7A:72:D4:F4
49035,RD-BT,58:C1:7A:72:D4:F4
49005,RD-BT,58:C1:7A:72:D4:F4
49573,RD-BT,00:04:56:42:9D:D6
48498,RD-BT,58:C1:7A:72:CD:50
48466,RD-BT,58:C1:7A:72:CD:50
48456,RD-BT,58:C1:7A:72:CD:50
48463,RD-BT,58:C1:7A:72:CD:50
48721,RD-BT,58:C1:7A:71:2A:6A
48115,RD-BT,00:04:56:27:6E:0F
48532,RD-BT,00:04:56:46:4D:04
48461,RD-BT,00:04:56:27:29:55
48462,RD-BT,00:04:56:27:29:55
48416,RD-BT,00:04:56:27:15:69
47878,RD-BT,00:04:56:27:15:69
48928,RD-BT,00:04:56:42:2A:D0
48325,RD-BT,00:04:56:27:86:1E
48336,RD-BT,58:C1:7A:71:7D:3A
48318,RD-BT,58:C1:7A:71:7D:3A
48305,RD-BT,58:C1:7A:71:7D:3A
48317,RD-BT,00:04:56:42:28:26
48636,RD-BT,00:04:56:27:29:F9
49572,RD-BT,00:04:56:46:A9:CA
48114,RD-BT,00:04:56:27:87:DA
48120,RD-BT,00:04:56:27:87:DA
48358,RD-BT,00:04:56:27:82:FD
48358,RD-BT,58:C1:7A:72:EA:6F
48382,RD-BT,00:04:56:27:82:FD
48382,RD-BT,58:C1:7A:72:EA:6F
48384,RD-BT,00:04:56:42:29:0E
47980,RD-BT,00:04:56:27:55:7D
47946,RD-BT,00:04:56:46:4A:C4
47931,RD-BT,00:04:56:42:8A:58
49527,RD-BT,00:04:56:27:09:BD
47905,RD-BT,00:04:56:27:09:BD
30248,RD-BT,00:04:56:27:09:BD
49471,RD-BT,00:04:56:27:09:BD
47920,RD-BT,58:C1:7A:71:E9:2F
47898,RD-BT,00:04:56:46:3E:F0
47901,RD-BT,00:04:56:27:01:F5
55097,RD-BT,58:C1:7A:71:E5:81
47885,RD-BT,00:04:56:42:2A:92
36314,RD-BT,00:04:56:DB:0D:7E
37141,RD-BT,58:C1:7A:71:7E:96
48432,RD-BT,58:C1:7A:72:CC:0F
48298,RD-BT,00:04:56:46:4A:FC
48436,RD-BT,58:C1:7A:72:CC:0F
48286,RD-BT,58:C1:7A:72:CC:0F
48291,RD-BT,58:C1:7A:72:CC:0F
47897,RD-BT,00:04:56:46:4D:FA
43755,RD-BT,00:04:56:42:89:EA
70587,RD-BT,00:04:56:27:87:9E
43109,RD-BT,58:C1:7A:72:D4:E8
30218,RD-BT,58:C1:7A:4F:DF:AA
30259,RD-BT,00:04:56:46:50:7E
30201,RD-BT,00:04:56:42:29:D2
30224,RD-BT,00:04:56:42:2D:56
46190,RD-BT,00:04:56:46:4F:B8
44822,RD-BT,00:04:56:46:A6:EE
44985,RD-BT,58:C1:7A:70:9D:70
45639,RD-BT,58:C1:7A:72:53:F2
44989,RD-BT,00:04:56:42:27:20
44711,RD-BT,00:04:56:42:27:20
45905,RD-BT,00:04:56:46:5B:8B
44705,RD-BT,00:04:56:42:9E:66
45922,RD-BT,00:04:56:42:41:AC
44714,RD-BT,58:C1:7A:71:E7:E5
30459,RD-BT,58:C1:7A:4C:EE:F0
45528,RD-BT,00:04:56:46:40:2E
46161,RD-BT,58:C1:7A:72:6D:4B
30557,RD-BT,00:04:56:42:73:64
45842,RD-BT,00:04:56:46:5C:8B
45525,RD-BT,00:04:56:27:B4:DD
45868,RD-BT,00:04:56:27:0A:B1
45856,RD-BT,00:04:56:27:0A:B1
45592,RD-BT,00:04:56:46:40:28
45591,RD-BT,00:04:56:27:DA:CF
45874,RD-BT,00:04:56:27:DA:69
46167,RD-BT,58:C1:7A:72:3D:51
45580,RD-BT,58:C1:7A:4D:4A:FE
44816,RD-BT,00:04:56:27:B8:E8
26096,RD-BT,00:04:56:46:4E:32
46181,RD-BT,00:04:56:46:4A:54
46170,RD-BT,00:04:56:42:70:C4
46201,RD-BT,00:04:56:42:30:20
46176,RD-BT,58:C1:7A:72:D5:A2
46208,RD-BT,00:04:56:46:48:D6
46163,RD-BT,58:C1:7A:72:D5:A2
46164,RD-BT,58:C1:7A:72:D5:A2
46159,RD-BT,58:C1:7A:72:D5:A2
46180,RD-BT,00:04:56:46:3E:58
46995,RD-BT,00:04:56:46:4A:00
46940,RD-BT,00:04:56:27:7F:82
45973,RD-BT,00:04:56:27:7F:82
45965,RD-BT,00:04:56:27:7F:82
45862,RD-BT,00:04:56:46:A6:2A
46457,RD-BT,00:04:56:42:88:EE
30915,RD-BT,58:C1:7A:71:EA:D0
46460,RD-BT,58:C1:7A:72:11:DA
42826,RD-BT,00:04:56:46:3F:34
46154,RD-BT,00:04:56:27:87:05
26445,RD-BT,00:04:56:27:87:05
46214,RD-BT,00:04:56:DB:0B:86
46165,RD-BT,00:04:56:27:87:05
46192,RD-BT,00:04:56:DB:0B:86
46179,RD-BT,00:04:56:DB:0B:86
46169,RD-BT,00:04:56:DB:0B:86
45061,RD-BT,00:04:56:46:5B:47
45067,RD-BT,00:04:56:42:27:2E
46897,RD-BT,00:04:56:46:60:7D
44932,RD-BT,00:04:56:42:27:30
46909,RD-BT,00:04:56:46:4D:06
30658,RD-BT,58:C1:7A:71:1A:66
30655,RD-BT,58:C1:7A:72:D2:DB
13390,RD-BT,00:04:56:27:E0:D8
30626,RD-BT,00:04:56:27:80:15
30628,RD-BT,00:04:56:27:80:15
46381,RD-BT,00:04:56:42:73:92
30623,RD-BT,00:04:56:27:80:15
45059,RD-BT,58:C1:7A:4C:ED:E6
45593,RD-BT,00:04:56:46:3D:7E
70780,RD-BT,00:04:56:46:50:5A
26369,RD-BT,00:04:56:42:87:2A
20629,RD-BT,00:04:56:46:46:7C
26414,RD-BT,58:C1:7A:71:A4:03
22291,RD-BT,00:04:56:42:3F:9C
18760,RD-BT,00:04:56:42:9D:EE
22299,RD-BT,00:04:56:42:72:22
22286,RD-BT,00:04:56:42:22:FE
19432,RD-BT,58:C1:7A:72:D5:BA
74388,RD-BT,58:C1:7A:72:D5:BA
20022,RD-BT,00:04:56:27:0A:15
20013,RD-BT,00:04:56:27:0A:15
70258,RD-BT,00:04:56:42:30:70
20585,RD-BT,00:04:56:46:4D:64
54734,RD-BT,00:04:56:42:2D:E4
21939,RD-BT,00:04:56:42:70:56
18893,RD-BT,00:04:56:42:40:76
22014,RD-BT,00:04:56:46:4B:1C
22076,RD-BT,00:04:56:42:2F:EE
21201,RD-BT,00:04:56:42:28:DE
19527,RD-BT,00:04:56:46:4A:90
19544,RD-BT,00:04:56:27:88:88
0,RD-BT,00:04:56:46:AC:6C
20450,RD-BT,00:04:56:42:6F:72
46889,RD-BT,00:04:56:46:A9:1E
45094,RD-BT,58:C1:7A:72:D0:DD
45698,RD-BT,58:C1:7A:72:D0:DD
45095,RD-BT,58:C1:7A:72:D0:DD
45560,RD-BT,00:04:56:46:5C:DB
45561,RD-BT,00:04:56:42:3D:D0
45504,RD-BT,00:04:56:42:24:B6
45508,RD-BT,00:04:56:46:4C:BE
45497,RD-BT,00:04:56:42:23:A6
45503,RD-BT,00:04:56:46:41:52
45080,RD-BT,00:04:56:46:4F:C2
45676,RD-BT,00:04:56:27:0A:E9
45082,RD-BT,00:04:56:46:4A:58
45690,RD-BT,00:04:56:46:47:F4
46980,RD-BT,00:04:56:46:AA:B6
58439,RD-BT,00:04:56:46:5E:D5
45661,RD-BT,00:04:56:27:0A:E9
44695,RD-BT,00:04:56:27:DE:D7
45502,RD-BT,00:04:56:27:17:11
45519,RD-BT,00:04:56:27:17:11
46529,RD-BT,00:04:56:27:0A:BD
44680,RD-BT,00:04:56:27:87:95
48674,RD-BT,00:04:56:27:2A:2D
26206,RD-BT,58:C1:7A:71:A2:2C
48521,RD-BT,00:04:56:27:B3:B7
26194,RD-BT,00:04:56:42:89:04
48533,RD-BT,00:04:56:27:B3:B7
45013,RD-BT,00:04:56:46:B0:02
48513,RD-BT,58:C1:7A:70:9F:10
44964,RD-BT,58:C1:7A:72:D3:14
44957,RD-BT,58:C1:7A:72:D3:14
45953,RD-BT,58:C1:7A:72:D3:14
46592,RD-BT,58:C1:7A:4C:C0:EA
44948,RD-BT,00:04:56:46:43:10
46581,RD-BT,58:C1:7A:72:44:53
45925,RD-BT,58:C1:7A:71:E3:E9
44941,RD-BT,58:C1:7A:50:97:B2
45933,RD-BT,00:04:56:27:66:69
45928,RD-BT,58:C1:7A:71:17:E6
45930,RD-BT,58:C1:7A:71:93:A1
46541,RD-BT,00:04:56:27:09:B5
70778,RD-BT,00:04:56:42:8B:10
46197,RD-BT,00:04:56:DB:0C:72
46166,RD-BT,00:04:56:42:6E:30
32504,RD-BT,00:04:56:46:5E:13
32497,RD-BT,00:04:56:46:A3:9E
47224,RD-BT,58:C1:7A:72:CC:15
47213,RD-BT,00:04:56:46:5B:3F
16809,RD-BT,58:C1:7A:72:CE:10
47225,RD-BT,00:04:56:46:40:38
32196,RD-BT,00:04:56:27:EA:29
32173,RD-BT,58:C1:7A:72:D0:AD
13713,RD-BT,00:04:56:46:46:C6
32460,RD-BT,00:04:56:46:40:12
32471,RD-BT,00:04:56:27:0A:A9
32457,RD-BT,00:04:56:46:3D:C8
31671,RD-BT,00:04:56:46:48:1C
31600,RD-BT,00:04:56:42:28:E8
32487,RD-BT,00:04:56:42:88:A0
47624,RD-BT,58:C1:7A:72:D4:5E
47621,RD-BT,58:C1:7A:72:D4:5E
47632,RD-BT,00:04:56:42:88:5C
47114,RD-BT,58:C1:7A:71:F6:89
47617,RD-BT,58:C1:7A:72:6A:DE
47630,RD-BT,58:C1:7A:71:F7:E5
47644,RD-BT,58:C1:7A:72:66:B5
47611,RD-BT,00:04:56:42:06:20
47625,RD-BT,58:C1:7A:71:F7:2D
47158,RD-BT,00:04:56:42:6F:FA
47510,RD-BT,00:04:56:46:AB:4C
47515,RD-BT,00:04:56:27:85:6A
16851,RD-BT,00:04:56:27:85:6A
47509,RD-BT,00:04:56:27:85:6A
47512,RD-BT,00:04:56:27:85:6A
47405,RD-BT,58:C1:7A:72:12:52
47419,RD-BT,00:04:56:46:B1:6A
16833,RD-BT,58:C1:7A:4C:F0:9C
47415,RD-BT,58:C1:7A:72:EB:7D
47418,RD-BT,58:C1:7A:72:EB:7D
47718,RD-BT,00:04:56:42:9E:74
47704,RD-BT,00:04:56:42:89:38
32283,RD-BT,00:04:56:DB:0D:EC
32289,RD-BT,00:04:56:27:7D:00
32254,RD-BT,00:04:56:27:7D:00
31431,RD-BT,58:C1:7A:4F:DC:1E
32294,RD-BT,00:04:56:27:6C:6B
32252,RD-BT,00:04:56:27:7D:00
31419,RD-BT,00:04:56:42:2E:CE
47052,RD-BT,00:04:56:46:4C:A0
32464,RD-BT,00:04:56:42:28:C4
31602,RD-BT,00:04:56:42:27:4C
32485,RD-BT,00:04:56:26:F1:27
31424,RD-BT,00:04:56:26:F1:27
31418,RD-BT,00:04:56:26:F1:27
32455,RD-BT,00:04:56:26:F1:27
32477,RD-BT,00:04:56:27:87:A4
32478,RD-BT,00:04:56:27:87:A4
31498,RD-BT,00:04:56:46:3E:D0
31425,RD-BT,00:04:56:46:45:5E
31430,RD-BT,00:04:56:27:D5:86
31429,RD-BT,00:04:56:46:40:50
31415,RD-BT,00:04:56:27:D3:DF
70772,RD-BT,58:C1:7A:72:11:D1
47239,RD-BT,00:04:56:42:24:84
47256,RD-BT,00:04:56:42:2D:EA
47467,RD-BT,00:04:56:46:A9:78
47464,RD-BT,00:04:56:42:9E:EE
47493,RD-BT,00:04:56:46:AB:50
47126,RD-BT,00:04:56:27:85:94
47466,RD-BT,00:04:56:27:85:94
47128,RD-BT,00:04:56:27:85:94
31449,RD-BT,58:C1:7A:71:A5:89
31435,RD-BT,58:C1:7A:71:D6:B4
47433,RD-BT,00:04:56:46:4E:B4
31595,RD-BT,00:04:56:46:4F:82
68659,RD-BT,00:04:56:46:3F:8A
53583,RD-BT,00:04:56:42:88:72
67894,RD-BT,00:04:56:46:4E:3E
53582,RD-BT,00:04:56:42:88:86
53585,RD-BT,00:04:56:46:4F:62
77778,RD-BT,00:04:56:46:63:33
74521,RD-BT,00:04:56:42:2A:08
77777,RD-BT,00:04:56:46:47:C2
70641,RD-BT,00:04:56:46:3D:74
54681,RD-BT,00:04:56:46:4C:08
53578,RD-BT,00:04:56:46:4B:4C
73853,RD-BT,00:04:56:46:3C:A0
73958,RD-BT,00:04:56:46:50:2E
36531,RD-BT,00:04:56:46:41:AC
36464,RD-BT,00:04:56:42:28:60
36530,RD-BT,00:04:56:46:42:92
36546,RD-BT,00:04:56:DB:0F:38
55099,RD-BT,00:04:56:DB:0F:38
36527,RD-BT,00:04:56:DB:0F:38
36230,RD-BT,00:04:56:46:49:CA
48057,RD-BT,58:C1:7A:72:D6:83
36070,RD-BT,58:C1:7A:72:D5:3C
47976,RD-BT,58:C1:7A:72:D6:83
47987,RD-BT,58:C1:7A:72:D5:3C
36909,RD-BT,00:04:56:42:25:28
36909,RD-BT,58:C1:7A:4C:EE:D0
36882,RD-BT,00:04:56:46:4A:42
37172,RD-BT,00:04:56:27:87:17
37094,RD-BT,00:04:56:27:87:17
37329,RD-BT,58:C1:7A:71:32:FA
37347,RD-BT,00:04:56:46:42:BC
37360,RD-BT,00:04:56:27:83:00
37336,RD-BT,00:04:56:27:83:00
37323,RD-BT,00:04:56:27:83:00
37334,RD-BT,00:04:56:27:83:00
37343,RD-BT,00:04:56:27:83:00
37326,RD-BT,00:04:56:46:40:B0
37319,RD-BT,00:04:56:42:8A:D2
37359,RD-BT,00:04:56:46:4B:86
36448,RD-BT,00:04:56:46:4F:90
36458,RD-BT,00:04:56:46:42:16
36467,RD-BT,00:04:56:26:70:3B
36472,RD-BT,00:04:56:42:8A:64
36459,RD-BT,00:04:56:46:A3:88
36455,RD-BT,00:04:56:46:A8:E4
37525,RD-BT,00:04:56:27:53:F1
36304,RD-BT,58:C1:7A:72:12:55
36164,RD-BT,00:04:56:46:4E:A4
36175,RD-BT,00:04:56:27:85:E8
36158,RD-BT,00:04:56:27:85:E8
36152,RD-BT,00:04:56:27:85:E8
36174,RD-BT,00:04:56:27:85:E8
36148,RD-BT,00:04:56:27:85:E8
36155,RD-BT,00:04:56:27:15:F9
36127,RD-BT,00:04:56:27:15:F9
37010,RD-BT,58:C1:7A:71:93:92
55094,RD-BT,00:04:56:42:86:E0
36434,RD-BT,00:04:56:46:42:74
55095,RD-BT,00:04:56:42:29:20
37143,RD-BT,00:04:56:46:42:AE
37286,RD-BT,00:04:56:23:0C:7A
37160,RD-BT,00:04:56:42:22:AC
37156,RD-BT,00:04:56:42:6E:20
36050,RD-BT,58:C1:7A:72:CA:4A
67839,RD-BT,58:C1:7A:72:CA:4A
37163,RD-BT,00:04:56:42:8A:EE
36942,RD-BT,00:04:56:46:47:08
36339,RD-BT,00:04:56:42:71:D8
37148,RD-BT,00:04:56:27:7F:8B
36363,RD-BT,58:C1:7A:4F:F3:A4
32438,RD-BT,00:04:56:27:87:B9
32420,RD-BT,00:04:56:42:2D:78
70561,RD-BT,58:C1:7A:72:CD:B0
32412,RD-BT,58:C1:7A:72:CD:B0
39402,RD-BT,58:C1:7A:71:E9:BC
38711,RD-BT,58:C1:7A:4F:E0:06
38716,RD-BT,58:C1:7A:71:93:1A
38726,RD-BT,58:C1:7A:71:E8:D2
38667,RD-BT,58:C1:7A:71:E9:41
38661,RD-BT,00:04:56:46:3C:98
38664,RD-BT,00:04:56:46:4C:9E
38724,RD-BT,00:04:56:46:49:A0
38715,RD-BT,00:04:56:46:46:EE
38578,RD-BT,00:04:56:42:6D:A2
26857,RD-BT,00:04:56:42:3B:BC
70393,RD-BT,00:04:56:27:17:61
48670,RD-BT,00:04:56:42:23:A4
42910,RD-BT,00:04:56:42:6D:A6
42697,RD-BT,58:C1:7A:72:6D:9C
42919,RD-BT,00:04:56:42:3D:D2
43148,RD-BT,58:C1:7A:4F:DA:BC
43136,RD-BT,00:04:56:46:4D:8A
43138,RD-BT,58:C1:7A:72:EC:A9
43667,RD-BT,00:04:56:46:4F:2E
43628,RD-BT,00:04:56:42:71:90
42804,RD-BT,00:04:56:46:5D:93
42797,RD-BT,00:04:56:42:8A:98
42802,RD-BT,00:04:56:27:0A:CD
43660,RD-BT,00:04:56:42:72:06
70242,RD-BT,00:04:56:27:0A:CD
42801,RD-BT,00:04:56:46:60:E7
43670,RD-BT,00:04:56:42:75:48
43504,RD-BT,00:04:56:27:84:DD
43488,RD-BT,00:04:56:27:84:DD
43515,RD-BT,00:04:56:46:4B:DA
43234,RD-BT,00:04:56:42:76:5E
43233,RD-BT,58:C1:7A:71:91:A9
41924,RD-BT,00:04:56:27:83:99
70813,RD-BT,00:04:56:42:30:5A
41910,RD-BT,00:04:56:27:16:61
41966,RD-BT,00:04:56:27:16:61
41960,RD-BT,00:04:56:27:16:61
41954,RD-BT,00:04:56:27:16:61
43098,RD-BT,00:04:56:27:B3:BD
43099,RD-BT,00:04:56:27:B3:BD
42783,RD-BT,00:04:56:46:4A:BC
41909,RD-BT,00:04:56:42:9D:84
41971,RD-BT,00:04:56:27:80:66
41916,RD-BT,00:04:56:27:80:66
42313,RD-BT,00:04:56:46:48:E0
42304,RD-BT,00:04:56:27:5B:A7
42302,RD-BT,58:C1:7A:72:EB:9E
42168,RD-BT,58:C1:7A:72:EB:9E
43566,RD-BT,00:04:56:27:81:26
43572,RD-BT,00:04:56:27:81:26
43506,RD-BT,58:C1:7A:73:02:00
43509,RD-BT,58:C1:7A:73:02:66
43527,RD-BT,58:C1:7A:73:02:F0
43573,RD-BT,00:04:56:42:87:D2
70524,RD-BT,00:04:56:42:27:28
55234,RD-BT,00:04:56:27:88:5E
41929,RD-BT,00:04:56:46:5F:4F
41919,RD-BT,00:04:56:27:88:5E
41953,RD-BT,00:04:56:27:88:5E
41925,RD-BT,00:04:56:46:50:44
42173,RD-BT,00:04:56:27:56:6D
41901,RD-BT,58:C1:7A:4F:E6:F4
41937,RD-BT,00:04:56:27:7F:D9
41906,RD-BT,00:04:56:27:7F:D9
41938,RD-BT,00:04:56:27:7F:D9
41977,RD-BT,00:04:56:27:7F:D9
41972,RD-BT,00:04:56:27:7F:D9
41920,RD-BT,00:04:56:27:7F:D9
41944,RD-BT,00:04:56:27:87:1D
41931,RD-BT,00:04:56:27:87:1D
43172,RD-BT,00:04:56:27:B6:51
43158,RD-BT,00:04:56:27:B6:51
43449,RD-BT,00:04:56:42:8A:F0
43152,RD-BT,00:04:56:27:B8:D3
43163,RD-BT,00:04:56:27:0B:45
43406,RD-BT,00:04:56:27:0B:45
43416,RD-BT,00:04:56:27:0B:45
42526,RD-BT,00:04:56:42:3B:66
43005,RD-BT,58:C1:7A:71:91:DC
42373,RD-BT,00:04:56:42:3E:10
42534,RD-BT,00:04:56:42:2B:3A
42514,RD-BT,00:04:56:27:85:1F
42370,RD-BT,00:04:56:27:85:BB
42379,RD-BT,00:04:56:27:85:BB
43414,RD-BT,58:C1:7A:72:EB:AA
43190,RD-BT,58:C1:7A:71:F8:CE
43162,RD-BT,58:C1:7A:72:ED:AB
43161,RD-BT,00:04:56:27:D3:DC
26101,RD-BT,00:04:56:42:2B:0E
47017,RD-BT,00:04:56:42:2B:80
26523,RD-BT,58:C1:7A:72:CE:34
45915,RD-BT,58:C1:7A:72:CE:34
45909,RD-BT,58:C1:7A:72:CE:34
45921,RD-BT,58:C1:7A:72:CE:34
45923,RD-BT,58:C1:7A:72:CE:34
67745,RD-BT,00:04:56:42:87:F2
46141,RD-BT,00:04:56:46:43:28
46945,RD-BT,00:04:56:46:48:1A
46946,RD-BT,00:04:56:46:4C:DE
46150,RD-BT,00:04:56:46:4E:84
46149,RD-BT,00:04:56:27:09:5D
46540,RD-BT,00:04:56:27:09:5D
46544,RD-BT,00:04:56:27:09:5D
46907,RD-BT,58:C1:7A:72:CA:95
46914,RD-BT,58:C1:7A:72:CA:95
44696,RD-BT,58:C1:7A:71:18:26
44703,RD-BT,00:04:56:42:87:0A
46879,RD-BT,00:04:56:46:4A:E2
45712,RD-BT,00:04:56:46:4C:E4
44869,RD-BT,00:04:56:42:86:DE
44850,RD-BT,00:04:56:46:4C:B6
46746,RD-BT,00:04:56:46:4E:54
46749,RD-BT,00:04:56:27:65:34
46810,RD-BT,00:04:56:46:A9:48
46132,RD-BT,00:04:56:46:62:D7
46131,RD-BT,00:04:56:46:A9:20
46715,RD-BT,00:04:56:27:84:B9
46709,RD-BT,00:04:56:27:84:B9
46098,RD-BT,00:04:56:46:4E:6E
46560,RD-BT,00:04:56:46:AB:E0
46512,RD-BT,00:04:56:42:23:04
46501,RD-BT,58:C1:7A:71:93:6E
74583,RD-BT,00:04:56:27:87:AA
46491,RD-BT,00:04:56:27:87:AA
45629,RD-BT,00:04:56:27:87:AA
46493,RD-BT,00:04:56:27:87:AA
44713,RD-BT,00:04:56:27:85:43
45632,RD-BT,58:C1:7A:72:67:99
45295,RD-BT,00:04:56:27:85:43
44661,RD-BT,00:04:56:42:2E:10
46421,RD-BT,00:04:56:42:41:78
46386,RD-BT,00:04:56:42:9D:78
46412,RD-BT,58:C1:7A:71:2E:C6
46223,RD-BT,00:04:56:46:A9:38
46221,RD-BT,00:04:56:46:48:EC
46219,RD-BT,00:04:56:46:A8:74
46441,RD-BT,00:04:56:27:88:04
46139,RD-BT,00:04:56:46:4D:8C
46133,RD-BT,00:04:56:42:88:3A
46135,RD-BT,00:04:56:42:06:1A
46753,RD-BT,00:04:56:42:2A:D6
46804,RD-BT,00:04:56:46:4B:46
46114,RD-BT,00:04:56:42:3E:98
46075,RD-BT,00:04:56:42:9D:E6
46078,RD-BT,00:04:56:42:9D:E6
16673,RD-BT,00:04:56:DB:0C:6C
59537,RD-BT,00:04:56:46:4A:FE
46955,RD-BT,58:C1:7A:72:65:E0
46001,RD-BT,58:C1:7A:72:CC:69
28991,RD-BT,00:04:56:46:44:2E
45999,RD-BT,58:C1:7A:72:CC:69
46534,RD-BT,00:04:56:46:A5:1E
45753,RD-BT,00:04:56:42:26:C4
46882,RD-BT,00:04:56:46:45:6C
44856,RD-BT,00:04:56:27:87:59
44676,RD-BT,00:04:56:27:E0:EA
46833,RD-BT,00:04:56:46:4F:1C
45722,RD-BT,00:04:56:46:3C:84
45903,RD-BT,00:04:56:27:0B:3D
45918,RD-BT,00:04:56:27:0B:3D
44926,RD-BT,58:C1:7A:72:D2:39
44922,RD-BT,58:C1:7A:72:D2:39
44924,RD-BT,58:C1:7A:72:D2:39
45558,RD-BT,58:C1:7A:72:D2:39
45703,RD-BT,58:C1:7A:71:16:FE
45705,RD-BT,58:C1:7A:71:16:FE
70779,RD-BT,58:C1:7A:71:16:FE
45642,RD-BT,00:04:56:27:87:D1
45646,RD-BT,00:04:56:27:87:D1
45437,RD-BT,58:C1:7A:72:D5:F6
45425,RD-BT,58:C1:7A:72:D5:F6
45434,RD-BT,58:C1:7A:72:D5:F6
46345,RD-BT,00:04:56:46:A8:F8
46389,RD-BT,00:04:56:27:0B:15
45445,RD-BT,00:04:56:27:0B:15
46388,RD-BT,00:04:56:46:62:BF
45444,RD-BT,00:04:56:27:0B:15
45407,RD-BT,00:04:56:46:AD:B8
46218,RD-BT,58:C1:7A:72:DE:78
45305,RD-BT,00:04:56:42:86:E6
45315,RD-BT,00:04:56:42:9D:FC
46535,RD-BT,00:04:56:42:9D:FC
45292,RD-BT,00:04:56:42:9D:FC
45304,RD-BT,00:04:56:42:86:BA
44708,RD-BT,00:04:56:46:48:6C
45262,RD-BT,58:C1:7A:72:ED:00
45278,RD-BT,00:04:56:42:3A:C8
45281,RD-BT,00:04:56:46:3E:6E
45287,RD-BT,00:04:56:42:3C:6A
45678,RD-BT,00:04:56:27:09:79
45249,RD-BT,00:04:56:27:85:C7
45680,RD-BT,00:04:56:27:85:C7
45250,RD-BT,00:04:56:27:BB:55
46085,RD-BT,00:04:56:27:BB:55
46624,RD-BT,00:04:56:46:61:3B
46614,RD-BT,58:C1:7A:72:D1:DC
44830,RD-BT,58:C1:7A:72:D1:E8
46671,RD-BT,58:C1:7A:72:D1:E8
46647,RD-BT,58:C1:7A:72:D1:E8
46619,RD-BT,00:04:56:46:5E:9F
46066,RD-BT,00:04:56:46:60:35
45331,RD-BT,58:C1:7A:72:D2:9C
45364,RD-BT,58:C1:7A:72:D2:9C
45333,RD-BT,58:C1:7A:72:D2:A5
44751,RD-BT,00:04:56:46:4C:C4
45549,RD-BT,58:C1:7A:72:CC:1B
45544,RD-BT,58:C1:7A:72:CC:1B
44739,RD-BT,00:04:56:27:85:AF
45546,RD-BT,00:04:56:46:47:90
54625,RD-BT,00:04:56:27:85:AF
42079,RD-BT,58:C1:7A:72:CD:14
42896,RD-BT,00:04:56:46:3C:92
42269,RD-BT,00:04:56:42:9D:D0
42268,RD-BT,58:C1:7A:72:40:3F
42847,RD-BT,00:04:56:27:88:07
55236,RD-BT,00:04:56:27:88:07
42264,RD-BT,00:04:56:27:88:07
43721,RD-BT,00:04:56:27:87:77
42825,RD-BT,00:04:56:27:DB:1A
70248,RD-BT,00:04:56:27:87:77
43748,RD-BT,00:04:56:27:87:77
45717,RD-BT,58:C1:7A:71:1B:76
44693,RD-BT,58:C1:7A:71:1B:76
48821,RD-BT,00:04:56:46:5E:B9
48822,RD-BT,00:04:56:46:40:7A
48664,RD-BT,00:04:56:27:28:A9
48825,RD-BT,00:04:56:46:43:54
55244,RD-BT,58:C1:7A:72:D5:1B
45401,RD-BT,58:C1:7A:72:D5:1B
45770,RD-BT,00:04:56:27:DA:48
46752,RD-BT,00:04:56:46:AC:32
45192,RD-BT,58:C1:7A:71:17:0A
45129,RD-BT,58:C1:7A:4C:C4:38
70783,RD-BT,00:04:56:46:5C:A9
45375,RD-BT,58:C1:7A:72:CF:81
45396,RD-BT,58:C1:7A:72:CF:81
45388,RD-BT,58:C1:7A:72:CF:81
45779,RD-BT,00:04:56:46:A7:04
45783,RD-BT,00:04:56:46:3C:BE
45776,RD-BT,00:04:56:42:27:B8
22523,RD-BT,00:04:56:46:4F:0A
70858,RD-BT,58:C1:7A:71:E8:72
38665,RD-BT,00:04:56:46:4D:34
74577,RD-BT,00:04:56:46:4D:08
39114,RD-BT,00:04:56:46:4D:56
39119,RD-BT,00:04:56:46:A9:F4
39120,RD-BT,00:04:56:46:43:1E
39121,RD-BT,00:04:56:46:49:CC
39338,RD-BT,00:04:56:46:4B:A6
38738,RD-BT,00:04:56:42:8A:30
39385,RD-BT,00:04:56:46:4D:60
39255,RD-BT,00:04:56:27:85:4C
15256,RD-BT,00:04:56:27:87:CE
39256,RD-BT,00:04:56:46:61:8F
39257,RD-BT,58:C1:7A:71:98:36
39293,RD-BT,00:04:56:27:87:CE
39463,RD-BT,58:C1:7A:72:68:3E
39244,RD-BT,00:04:56:27:DB:0B
39262,RD-BT,58:C1:7A:70:AD:94
39307,RD-BT,00:04:56:DB:0A:7E
39269,RD-BT,58:C1:7A:72:DD:85
39285,RD-BT,58:C1:7A:70:B1:10
39252,RD-BT,00:04:56:46:4B:8C
39258,RD-BT,00:04:56:46:4A:DA
70506,RD-BT,58:C1:7A:73:01:AF
38587,RD-BT,00:04:56:42:29:C2
39371,RD-BT,00:04:56:46:4F:2A
39366,RD-BT,00:04:56:46:49:EE
39229,RD-BT,00:04:56:46:5C:A5
38647,RD-BT,00:04:56:27:5B:56
38646,RD-BT,58:C1:7A:4F:ED:46
70833,RD-BT,00:04:56:46:41:6C
38705,RD-BT,00:04:56:46:4C:70
39333,RD-BT,00:04:56:46:4D:E4
38567,RD-BT,00:04:56:42:8A:94
38679,RD-BT,00:04:56:42:40:AE
74571,RD-BT,00:04:56:46:4E:FA
39328,RD-BT,00:04:56:46:4F:50
39331,RD-BT,00:04:56:27:84:EC
30071,RD-BT,58:C1:7A:73:03:32
13258,RD-BT,58:C1:7A:71:93:D1
30061,RD-BT,00:04:56:42:73:6E
30852,RD-BT,58:C1:7A:72:66:5E
30938,RD-BT,58:C1:7A:72:3E:9E
30936,RD-BT,58:C1:7A:72:D2:F9
54990,RD-BT,58:C1:7A:72:D2:F9
30931,RD-BT,58:C1:7A:72:D2:F9
30932,RD-BT,58:C1:7A:72:D2:F9
13253,RD-BT,00:04:56:42:2D:A8
48848,RD-BT,00:04:56:27:15:D1
48849,RD-BT,00:04:56:27:15:D1
48867,RD-BT,00:04:56:27:15:D1
49297,RD-BT,00:04:56:27:E1:44
49347,RD-BT,58:C1:7A:71:E6:AA
49300,RD-BT,58:C1:7A:4E:46:54
49351,RD-BT,58:C1:7A:71:7D:2E
47762,RD-BT,00:04:56:42:2A:02
49303,RD-BT,00:04:56:46:62:0F
49192,RD-BT,58:C1:7A:4D:49:E8
47984,RD-BT,58:C1:7A:72:CC:A5
48167,RD-BT,00:04:56:42:29:4A
49245,RD-BT,00:04:56:46:AF:0C
49165,RD-BT,58:C1:7A:72:CB:97
49237,RD-BT,58:C1:7A:72:CB:97
59067,RD-BT,00:04:56:46:4D:3C
49180,RD-BT,00:04:56:27:7F:F4
49180,RD-BT,58:C1:7A:74:86:B0
49207,RD-BT,00:04:56:46:44:02
70582,RD-BT,58:C1:7A:71:2D:3E
49038,RD-BT,00:04:56:27:78:F8
49058,RD-BT,00:04:56:27:78:F8
49151,RD-BT,00:04:56:42:31:82
48362,RD-BT,00:04:56:27:85:CA
48378,RD-BT,00:04:56:27:85:CA
49117,RD-BT,58:C1:7A:4D:4F:84
49148,RD-BT,00:04:56:42:86:68
49593,RD-BT,58:C1:7A:71:2B:3A
49152,RD-BT,00:04:56:23:0C:3A
70743,RD-BT,00:04:56:23:0C:3A
49372,RD-BT,58:C1:7A:71:2B:F6
47853,RD-BT,00:04:56:46:5E:19
47804,RD-BT,00:04:56:42:2B:E4
48794,RD-BT,00:04:56:46:4C:FC
48551,RD-BT,58:C1:7A:72:EB:9B
48785,RD-BT,58:C1:7A:4D:39:5E
47973,RD-BT,58:C1:7A:72:D1:8B
70549,RD-BT,00:04:56:42:87:00
49552,RD-BT,00:04:56:46:4B:04
47970,RD-BT,58:C1:7A:4D:4C:CA
48730,RD-BT,00:04:56:23:0B:DA
49498,RD-BT,58:C1:7A:4D:3A:72
48601,RD-BT,00:04:56:46:4E:1A
48886,RD-BT,00:04:56:46:A7:BE
48345,RD-BT,58:C1:7A:72:EA:C6
70748,RD-BT,58:C1:7A:71:5F:42
48938,RD-BT,00:04:56:42:40:66
49370,RD-BT,58:C1:7A:71:2B:E6
49367,RD-BT,58:C1:7A:71:2A:DA
48607,RD-BT,58:C1:7A:71:E8:60
48505,RD-BT,58:C1:7A:71:7B:BD
48440,RD-BT,00:04:56:46:4D:92
48437,RD-BT,58:C1:7A:71:2A:EA
48290,RD-BT,00:04:56:27:87:71
48450,RD-BT,58:C1:7A:71:2B:4E
48453,RD-BT,00:04:56:42:2E:F4
48584,RD-BT,58:C1:7A:71:7E:84
49126,RD-BT,58:C1:7A:71:D5:6A
48307,RD-BT,58:C1:7A:71:7B:30
48313,RD-BT,58:C1:7A:4F:E6:00
48314,RD-BT,58:C1:7A:71:7B:30
48312,RD-BT,58:C1:7A:71:7B:30
48095,RD-BT,00:04:56:42:23:50
48080,RD-BT,00:04:56:46:4B:D0
47732,RD-BT,00:04:56:46:3F:B8
47708,RD-BT,00:04:56:46:49:E4
47716,RD-BT,00:04:56:46:50:6A
47705,RD-BT,58:C1:7A:71:2A:1E
47261,RD-BT,00:04:56:46:40:32
47279,RD-BT,58:C1:7A:71:F0:55
47271,RD-BT,00:04:56:46:4A:24
59886,RD-BT,00:04:56:46:AE:9C
47266,RD-BT,00:04:56:46:4F:C0
47339,RD-BT,00:04:56:46:4D:4E
47268,RD-BT,58:C1:7A:73:06:1A
59909,RD-BT,00:04:56:46:AE:88
47175,RD-BT,58:C1:7A:72:D5:39
47174,RD-BT,00:04:56:42:25:96
47193,RD-BT,58:C1:7A:72:D5:39
47182,RD-BT,00:04:56:46:3F:1C
47185,RD-BT,58:C1:7A:71:91:C4
47654,RD-BT,58:C1:7A:4C:ED:8E
47668,RD-BT,00:04:56:27:84:C5
16911,RD-BT,00:04:56:46:40:82
47667,RD-BT,00:04:56:46:45:BE
47646,RD-BT,58:C1:7A:72:65:E3
47681,RD-BT,58:C1:7A:71:E5:18
47699,RD-BT,58:C1:7A:72:11:E0
47647,RD-BT,00:04:56:46:5F:9D
47666,RD-BT,00:04:56:27:7A:8D
47661,RD-BT,00:04:56:42:40:74
47673,RD-BT,58:C1:7A:72:CB:F1
47586,RD-BT,00:04:56:27:86:B7
47579,RD-BT,58:C1:7A:71:2D:66
47562,RD-BT,00:04:56:27:86:B7
47588,RD-BT,00:04:56:46:5D:7D
47561,RD-BT,58:C1:7A:71:8A:42
47591,RD-BT,58:C1:7A:71:8A:42
47599,RD-BT,00:04:56:27:86:B7
47587,RD-BT,00:04:56:27:86:B7
47569,RD-BT,00:04:56:46:A6:F0
47606,RD-BT,58:C1:7A:71:F7:09
47604,RD-BT,00:04:56:42:2E:DA
70773,RD-BT,00:04:56:42:6D:C2
47559,RD-BT,00:04:56:26:DB:AC
60593,RD-BT,00:04:56:27:84:23
47567,RD-BT,58:C1:7A:50:89:6C
47597,RD-BT,00:04:56:42:2B:26
47598,RD-BT,58:C1:7A:71:8C:F7
58654,RD-BT,00:04:56:46:3D:84
47056,RD-BT,00:04:56:42:3C:D2
47039,RD-BT,58:C1:7A:72:C8:C7
47040,RD-BT,58:C1:7A:72:C8:C7
47063,RD-BT,58:C1:7A:72:C8:C7
47061,RD-BT,58:C1:7A:72:C8:C7
47742,RD-BT,00:04:56:27:85:22
47729,RD-BT,00:04:56:27:85:22
47741,RD-BT,00:04:56:27:85:22
16733,RD-BT,00:04:56:42:2A:44
47354,RD-BT,00:04:56:22:D4:C6
47361,RD-BT,00:04:56:22:D4:C6
16869,RD-BT,58:C1:7A:72:CB:49
47542,RD-BT,58:C1:7A:72:CB:49
47534,RD-BT,00:04:56:46:AE:8C
16868,RD-BT,58:C1:7A:72:3F:AF
47532,RD-BT,58:C1:7A:72:66:8E
47095,RD-BT,00:04:56:46:3D:02
16871,RD-BT,00:04:56:26:DB:19
47530,RD-BT,00:04:56:46:3D:02
47553,RD-BT,00:04:56:46:AD:FC
47523,RD-BT,58:C1:7A:71:76:93
47525,RD-BT,00:04:56:46:A6:60
16862,RD-BT,00:04:56:46:A7:36
47076,RD-BT,00:04:56:42:25:F6
47504,RD-BT,58:C1:7A:71:94:73
47470,RD-BT,58:C1:7A:71:E9:86
47098,RD-BT,58:C1:7A:72:D4:49
47085,RD-BT,58:C1:7A:72:D4:49
47084,RD-BT,00:04:56:42:23:42
47089,RD-BT,00:04:56:27:88:28
47088,RD-BT,00:04:56:27:88:28
47086,RD-BT,00:04:56:27:88:28
47083,RD-BT,00:04:56:27:88:28
47097,RD-BT,00:04:56:27:88:28
47463,RD-BT,58:C1:7A:71:ED:FD
47502,RD-BT,58:C1:7A:71:7B:2A
47456,RD-BT,00:04:56:46:A7:48
47121,RD-BT,00:04:56:42:3E:9C
47469,RD-BT,00:04:56:42:2A:04
47427,RD-BT,00:04:56:27:86:D8
47435,RD-BT,00:04:56:46:48:76
47423,RD-BT,00:04:56:27:74:45
47441,RD-BT,00:04:56:26:DB:46
47447,RD-BT,00:04:56:26:DB:46
47438,RD-BT,00:04:56:27:86:D8
47452,RD-BT,00:04:56:26:DB:46
47431,RD-BT,00:04:56:42:2B:44
47428,RD-BT,00:04:56:27:86:D8
32267,RD-BT,00:04:56:46:4E:3C
47044,RD-BT,58:C1:7A:4C:ED:D4
32315,RD-BT,00:04:56:46:3F:A8
47047,RD-BT,58:C1:7A:4C:ED:3C
47426,RD-BT,00:04:56:42:26:2C
47066,RD-BT,58:C1:7A:4C:F1:22
47439,RD-BT,00:04:56:27:74:45
47437,RD-BT,00:04:56:46:3D:8E
47436,RD-BT,00:04:56:27:74:45
47448,RD-BT,00:04:56:27:74:45
47453,RD-BT,58:C1:7A:4F:EF:A4
47442,RD-BT,58:C1:7A:4C:EC:60
32356,RD-BT,00:04:56:46:48:C2
70763,RD-BT,58:C1:7A:71:EC:C5
13171,RD-BT,00:04:56:46:4A:A0
54640,RD-BT,58:C1:7A:71:E7:37
58828,RD-BT,00:04:56:27:85:3D
70762,RD-BT,00:04:56:27:85:3D
54639,RD-BT,00:04:56:27:85:3D
47322,RD-BT,00:04:56:27:85:3D
55256,RD-BT,00:04:56:27:D1:A2
47662,RD-BT,00:04:56:27:D1:A2
47672,RD-BT,00:04:56:27:D1:A2
47273,RD-BT,00:04:56:27:D1:A2
47272,RD-BT,00:04:56:27:D1:A2
47715,RD-BT,00:04:56:42:88:3E
32337,RD-BT,00:04:56:46:A4:7C
47714,RD-BT,00:04:56:42:86:6A
32342,RD-BT,58:C1:7A:51:F6:84
47711,RD-BT,00:04:56:46:4E:96
47712,RD-BT,00:04:56:27:86:F6
47505,RD-BT,58:C1:7A:71:8A:39
47483,RD-BT,58:C1:7A:71:8A:39
47154,RD-BT,58:C1:7A:71:91:A6
47150,RD-BT,00:04:56:46:A6:1C
47156,RD-BT,00:04:56:42:9D:72
47471,RD-BT,58:C1:7A:71:8A:39
